Name of Earth Meteorite,id,Meteorite,nametype,recclass,mass,year,reclat,reclong
Aachen,1,Valid,L5,600,,reclat,reclong
Aarhus,2,Valid,H6,600,,reclat,reclong
Abee,6,Valid,EH4,600,,reclat,reclong
Acapulco,10,Valid,Acapulcoite,600,,reclat,reclong
Achiras,370,Valid,L6,600,,reclat,reclong
Adhi Kot,379,Valid,EH4,600,,reclat,reclong
Adzhi-Bogdo (stone),390,Valid,LL3-6,600,,reclat,reclong
Agen,392,Valid,H5,600,,reclat,reclong
Aguada,398,Valid,L6,600,,reclat,reclong
Aguila Blanca,417,Valid,L,600,,reclat,reclong
Aioun el Atrouss,423,Valid,Diogenite-pm,600,,reclat,reclong
Aïr,424,Valid,L6,600,,reclat,reclong
Aire-sur-la-Lys,425,Valid,Unknown,600,,reclat,reclong
Akaba,426,Valid,L6,600,,reclat,reclong
Akbarpur,427,Valid,H4,600,,reclat,reclong
Akwanga,432,Valid,H,600,,reclat,reclong
Akyumak,433,Valid,"Iron, IVA",600,,reclat,reclong
Al Rais,446,Valid,CR2-an,600,,reclat,reclong
Al Zarnkh,447,Valid,LL5,600,,reclat,reclong
Alais,448,Valid,CI1,600,,reclat,reclong
Albareto,453,Valid,L/LL4,600,,reclat,reclong
Alberta,454,Valid,L,600,,reclat,reclong
Alby sur Chéran,458,Valid,Eucrite-mmict,600,,reclat,reclong
Aldsworth,461,Valid,LL5,600,,reclat,reclong
Aleppo,462,Valid,L6,600,,reclat,reclong
Alessandria,463,Valid,H5,600,,reclat,reclong
Alexandrovsky,465,Valid,H4,600,,reclat,reclong
Alfianello,466,Valid,L6,600,,reclat,reclong
Allegan,2276,Valid,H5,600,,reclat,reclong
Allende,2278,Valid,CV3,600,,reclat,reclong
Almahata Sitta,48915,Valid,Ureilite-an,600,,reclat,reclong
Alta'ameem,2284,Valid,LL5,600,,reclat,reclong
Ambapur Nagla,2290,Valid,H5,600,,reclat,reclong
Andhara,2294,Valid,Stone-uncl,600,,reclat,reclong
Andover,2295,Valid,L6,600,,reclat,reclong
Andreevka,2296,Valid,L3,600,,reclat,reclong
Andura,2298,Valid,H6,600,,reclat,reclong
Northwest Africa 5815,50693,Valid,L5,600,,reclat,reclong
Angers,2301,Valid,L6,600,,reclat,reclong
Angra dos Reis (stone),2302,Valid,Angrite,600,,reclat,reclong
Ankober,2304,Valid,H4,600,,reclat,reclong
Anlong,2305,Valid,H5,600,,reclat,reclong
Aomori,2313,Valid,L6,600,,reclat,reclong
Appley Bridge,2318,Valid,LL6,600,,reclat,reclong
Apt,2320,Valid,L6,600,,reclat,reclong
Arbol Solo,2325,Valid,H5,600,,reclat,reclong
Archie,2329,Valid,H6,600,,reclat,reclong
Arroyo Aguiar,2340,Valid,H5,600,,reclat,reclong
Asco,2345,Valid,H6,600,,reclat,reclong
Ash Creek,48954,Valid,L6,600,,reclat,reclong
Ashdon,2346,Valid,L6,600,,reclat,reclong
Assisi,2353,Valid,H5,600,,reclat,reclong
Atarra,4883,Valid,L4,600,,reclat,reclong
Atemajac,4884,Valid,L6,600,,reclat,reclong
Athens,4885,Valid,LL6,600,,reclat,reclong
Atoka,4888,Valid,L6,600,,reclat,reclong
Aubres,4893,Valid,Aubrite,600,,reclat,reclong
Aumale,4899,Valid,L6,600,,reclat,reclong
Aumieres,4900,Valid,L6,600,,reclat,reclong
Ausson,4903,Valid,L5,600,,reclat,reclong
Avanhandava,4905,Valid,H4,600,,reclat,reclong
Avce,4906,Valid,"Iron, IIAB",600,,reclat,reclong
Avilez,4907,Valid,H,600,,reclat,reclong
Awere,4910,Valid,L4,600,,reclat,reclong
Aztec,4913,Valid,L6,600,,reclat,reclong
Bachmut,4917,Valid,L6,600,,reclat,reclong
Bahjoi,4922,Valid,"Iron, IAB-sLL",600,,reclat,reclong
Bald Mountain,4925,Valid,L4,600,,reclat,reclong
Baldwyn,4926,Valid,L6,600,,reclat,reclong
Bali,4928,Valid,CV3,600,,reclat,reclong
Ban Rong Du,4934,Valid,"Iron, ungrouped",600,,reclat,reclong
Bandong,4935,Valid,LL6,600,,reclat,reclong
Bansur,4936,Valid,L6,600,,reclat,reclong
Banswal,4937,Valid,L5,600,,reclat,reclong
Banten,4938,Valid,CM2,600,,reclat,reclong
Barbotan,4942,Valid,H5,600,,reclat,reclong
Barcelona (stone),4944,Valid,OC,600,,reclat,reclong
Barea,4946,Valid,Mesosiderite-A1,600,,reclat,reclong
Barnaul,4947,Valid,H5,600,,reclat,reclong
Barntrup,4948,Valid,LL4,600,,reclat,reclong
Baroti,4949,Valid,L6,600,,reclat,reclong
Barwell,4954,Valid,L5,600,,reclat,reclong
Bassikounou,44876,Valid,H5,600,,reclat,reclong
Baszkówka,4957,Valid,L5,600,,reclat,reclong
Bath,4974,Valid,H4,600,,reclat,reclong
Bath Furnace,4975,Valid,L6,600,,reclat,reclong
Battle Mountain,56133,Valid,L6,600,,reclat,reclong
Bawku,4976,Valid,LL5,600,,reclat,reclong
Baxter,4977,Valid,L6,600,,reclat,reclong
Beardsley,4984,Valid,H5,600,,reclat,reclong
Beaver Creek,4986,Valid,H5,600,,reclat,reclong
Beddgelert,4993,Valid,H5,600,,reclat,reclong
Bells,5005,Valid,C2-ung,600,,reclat,reclong
Belville,5009,Valid,OC,600,,reclat,reclong
Benares (a),5011,Valid,LL4,600,,reclat,reclong
Benguerir,30443,Valid,LL6,600,,reclat,reclong
Beni M'hira,5018,Valid,L6,600,,reclat,reclong
Benld,5021,Valid,H6,600,,reclat,reclong
Benoni,5023,Valid,H6,600,,reclat,reclong
Bensour,5024,Valid,LL6,600,,reclat,reclong
Benton,5026,Valid,LL6,600,,reclat,reclong
Berduc,48975,Valid,L6,600,,reclat,reclong
Béréba,5028,Valid,Eucrite-mmict,600,,reclat,reclong
Berlanguillas,5029,Valid,L6,600,,reclat,reclong
Berthoud,47355,Valid,Eucrite-mmict,600,,reclat,reclong
Bethlehem,5032,Valid,H,600,,reclat,reclong
Beuste,5034,Valid,L5,600,,reclat,reclong
Beyrout,5035,Valid,LL3.8,600,,reclat,reclong
Bhagur,5037,Valid,L6,600,,reclat,reclong
Bhawad,36591,Valid,LL6,600,,reclat,reclong
Bherai,5039,Valid,L6,600,,reclat,reclong
Bhola,5040,Valid,LL3-6,600,,reclat,reclong
Bholghati,5041,Valid,Howardite,600,,reclat,reclong
Bialystok,5042,Valid,Eucrite-pmict,600,,reclat,reclong
Bielokrynitschie,5043,Valid,H4,600,,reclat,reclong
Bilanga,5045,Valid,Diogenite,600,,reclat,reclong
Binningup,5051,Valid,H5,600,,reclat,reclong
Birni N'konni,5056,Valid,H4,600,,reclat,reclong
Bishopville,5059,Valid,Aubrite,600,,reclat,reclong
Bishunpur,5060,Valid,LL3.15,600,,reclat,reclong
Bjelaja Zerkov,5063,Valid,H6,600,,reclat,reclong
Bjurböle,5064,Valid,L/LL4,600,,reclat,reclong
Black Moshannan Park,5065,Valid,L5,600,,reclat,reclong
Blackwell,5068,Valid,L5,600,,reclat,reclong
Blanket,5071,Valid,L6,600,,reclat,reclong
Blansko,5072,Valid,H6,600,,reclat,reclong
Bloomington,5076,Valid,LL6,600,,reclat,reclong
Bo Xian,5090,Valid,LL3.9,600,,reclat,reclong
Bocas,5093,Valid,L6,600,,reclat,reclong
Bogou,5097,Valid,"Iron, IAB-MG",600,,reclat,reclong
Boguslavka,5098,Valid,"Iron, IIAB",600,,reclat,reclong
Borgo San Donino,5110,Valid,LL6,600,,reclat,reclong
Bori,5111,Valid,L6,600,,reclat,reclong
Boriskino,5112,Valid,CM2,600,,reclat,reclong
Borkut,5113,Valid,L5,600,,reclat,reclong
Borodino,5114,Valid,H5,600,,reclat,reclong
Botschetschki,5117,Valid,L4,600,,reclat,reclong
Boumdeid (2003),57168,Valid,L6,600,,reclat,reclong
Boumdeid (2011),57167,Valid,L6,600,,reclat,reclong
Bovedy,5121,Valid,L3,600,,reclat,reclong
Bradford Woods,5128,Valid,L,600,,reclat,reclong
Braunau,5133,Valid,"Iron, IIAB",600,,reclat,reclong
Breitscheid,5134,Valid,H5,600,,reclat,reclong
Bremervörde,5135,Valid,H/L3.9,600,,reclat,reclong
Brient,5140,Valid,Eucrite-pmict,600,,reclat,reclong
Bruderheim,5156,Valid,L6,600,,reclat,reclong
Bukhara,30448,Valid,CV3,600,,reclat,reclong
Bulls Run,5163,Valid,Iron?,600,,reclat,reclong
Bunburra Rockhole,48653,Valid,Eucrite,600,,reclat,reclong
Bununu,5165,Valid,Howardite,600,,reclat,reclong
Bur-Gheluai,5169,Valid,H5,600,,reclat,reclong
Burnwell,5175,Valid,H4-an,600,,reclat,reclong
Bursa,5177,Valid,L6,600,,reclat,reclong
Buschhof,5178,Valid,L6,600,,reclat,reclong
Bustee,5181,Valid,Aubrite,600,,reclat,reclong
Butsura,5183,Valid,H6,600,,reclat,reclong
Buzzard Coulee,48654,Valid,H4,600,,reclat,reclong
Cabezo de Mayo,5185,Valid,L/LL6,600,,reclat,reclong
Cabin Creek,5186,Valid,"Iron, IIIAB",600,,reclat,reclong
Cacak,5187,Valid,OC,600,,reclat,reclong
Cali,45976,Valid,H/L4,600,,reclat,reclong
Calivo,5200,Valid,Stone-uncl,600,,reclat,reclong
Campos Sales,5249,Valid,L5,600,,reclat,reclong
Çanakkale,5250,Valid,L6,600,,reclat,reclong
Cañellas,5251,Valid,H4,600,,reclat,reclong
Cangas de Onis,5252,Valid,H5,600,,reclat,reclong
Canon City,5253,Valid,H6,600,,reclat,reclong
Cape Girardeau,5260,Valid,H6,600,,reclat,reclong
Capilla del Monte,5264,Valid,H6,600,,reclat,reclong
Carancas,45817,Valid,H4-5,600,,reclat,reclong
Caratash,5265,Valid,LL6,600,,reclat,reclong
Castalia,5291,Valid,H5,600,,reclat,reclong
Castel Berardenga,5292,Valid,Stone-uncl,600,,reclat,reclong
Castine,5293,Valid,L6,600,,reclat,reclong
Castrovillari,5295,Valid,Stone-uncl,600,,reclat,reclong
Caswell County,5296,Valid,OC,600,,reclat,reclong
Ceniceros,5306,Valid,L3.7,600,,reclat,reclong
Centerville,5307,Valid,H5,600,,reclat,reclong
Cereseto,5308,Valid,H5,600,,reclat,reclong
Chadong,5313,Valid,L6,600,,reclat,reclong
Chail,5314,Valid,H6,600,,reclat,reclong
Chainpur,5315,Valid,LL3.4,600,,reclat,reclong
Chajari,5316,Valid,L5,600,,reclat,reclong
Chandakapur,5320,Valid,L5,600,,reclat,reclong
Chandpur,5321,Valid,L6,600,,reclat,reclong
Changde,5322,Valid,H5,600,,reclat,reclong
Chantonnay,5325,Valid,L6,600,,reclat,reclong
Charlotte,5328,Valid,"Iron, IVA",600,,reclat,reclong
Charsonville,5329,Valid,H6,600,,reclat,reclong
Charwallas,5330,Valid,H6,600,,reclat,reclong
Chassigny,5331,Valid,Martian (chassignite),600,,reclat,reclong
Château-Renard,5332,Valid,L6,600,,reclat,reclong
Chaves,5334,Valid,Howardite,600,,reclat,reclong
Chela,5338,Valid,H4,600,,reclat,reclong
Chelyabinsk,57165,Valid,LL5,600,,reclat,reclong
Chergach ,47347,Valid,H5,600,,reclat,reclong
Chernyi Bor,5339,Valid,H4,600,,reclat,reclong
Cherokee Springs,5340,Valid,LL6,600,,reclat,reclong
Chervettaz,5341,Valid,L5,600,,reclat,reclong
Chervony Kut,5342,Valid,Eucrite-mmict,600,,reclat,reclong
Chetrinahatti,5344,Valid,Stone-uncl,600,,reclat,reclong
Chiang Khan,5345,Valid,H6,600,,reclat,reclong
Chicora,5349,Valid,LL6,600,,reclat,reclong
Chisenga,5355,Valid,"Iron, IIIAB",600,,reclat,reclong
Chitado,5356,Valid,L6,600,,reclat,reclong
Chitenay,5357,Valid,L6,600,,reclat,reclong
Cilimus,5364,Valid,L5,600,,reclat,reclong
Claxton,5374,Valid,L6,600,,reclat,reclong
Clohars,5383,Valid,L4,600,,reclat,reclong
Colby (Wisconsin),5395,Valid,L6,600,,reclat,reclong
Cold Bokkeveld,5397,Valid,CM2,600,,reclat,reclong
Coleman,5401,Valid,L6,600,,reclat,reclong
Collescipoli,5403,Valid,H5,600,,reclat,reclong
Conquista,5418,Valid,H4,600,,reclat,reclong
Cosina,5451,Valid,H5,600,,reclat,reclong
Cranganore,5465,Valid,L6,600,,reclat,reclong
Crescent,5470,Valid,CM2,600,,reclat,reclong
Cronstad,5474,Valid,H5,600,,reclat,reclong
Cross Roads,5476,Valid,H5,600,,reclat,reclong
Crumlin,5477,Valid,L5,600,,reclat,reclong
Cumberland Falls,5496,Valid,Aubrite,600,,reclat,reclong
Cynthiana,5500,Valid,L/LL4,600,,reclat,reclong
Dahmani,5504,Valid,LL6,600,,reclat,reclong
Dandapur,5511,Valid,L6,600,,reclat,reclong
Daniel's Kuil,5513,Valid,EL6,600,,reclat,reclong
Danville,5514,Valid,L6,600,,reclat,reclong
Darmstadt,6603,Valid,H5,600,,reclat,reclong
Dashoguz,6604,Valid,H5,600,,reclat,reclong
Daule,51559,Valid,L5,600,,reclat,reclong
De Cewsville,6621,Valid,H6,600,,reclat,reclong
Deal,6634,Valid,L6,600,,reclat,reclong
Delhi,6642,Valid,L5,600,,reclat,reclong
Demina,6649,Valid,L6,600,,reclat,reclong
Denver,6660,Valid,L6,600,,reclat,reclong
Dergaon,6664,Valid,H5,600,,reclat,reclong
Desuri,6693,Valid,H6,600,,reclat,reclong
Devgaon,6694,Valid,H3.8,600,,reclat,reclong
Devri-Khera,6696,Valid,L6,600,,reclat,reclong
Dhajala,6698,Valid,H3.8,600,,reclat,reclong
Dharwar,6699,Valid,OC,600,,reclat,reclong
Dhurmsala,7640,Valid,LL6,600,,reclat,reclong
Didim,47350,Valid,H3-5,600,,reclat,reclong
Diep River,7642,Valid,L6,600,,reclat,reclong
Distrito Quebracho,7649,Valid,H4,600,,reclat,reclong
Djati-Pengilon,7652,Valid,H6,600,,reclat,reclong
Djermaia,7656,Valid,H,600,,reclat,reclong
Djoumine,7657,Valid,H5-6,600,,reclat,reclong
Dokachi,7658,Valid,H5,600,,reclat,reclong
Dolgovoli,7659,Valid,L6,600,,reclat,reclong
Domanitch,7661,Valid,L5,600,,reclat,reclong
Dong Ujimqin Qi,7706,Valid,Mesosiderite,600,,reclat,reclong
Donga Kohrod,7707,Valid,H6,600,,reclat,reclong
Dongtai,7708,Valid,LL6,600,,reclat,reclong
Doroninsk,7718,Valid,H5-7,600,,reclat,reclong
Dosso,7722,Valid,L6,600,,reclat,reclong
Douar Mghila,7723,Valid,LL6,600,,reclat,reclong
Dowa,7725,Valid,Stone-uncl,600,,reclat,reclong
Drake Creek,7728,Valid,L6,600,,reclat,reclong
Dresden (Ontario),7731,Valid,H6,600,,reclat,reclong
Dubrovnik,7736,Valid,L3-6,600,,reclat,reclong
Dunbogan,7743,Valid,L6,600,,reclat,reclong
Dundrum,7745,Valid,H5,600,,reclat,reclong
Dunhua,7749,Valid,Stone-uncl,600,,reclat,reclong
Durala,7750,Valid,L6,600,,reclat,reclong
Duruma,7752,Valid,L6,600,,reclat,reclong
Duwun,7754,Valid,L6,600,,reclat,reclong
Dwaleni,7755,Valid,H4-6,600,,reclat,reclong
Dyalpur,7757,Valid,Ureilite,600,,reclat,reclong
Dyarrl Island,7758,Valid,Mesosiderite-A1,600,,reclat,reclong
Eagle,7760,Valid,EL6,600,,reclat,reclong
Ehole,7774,Valid,H5,600,,reclat,reclong
Eichstädt,7775,Valid,H5,600,,reclat,reclong
Ekeby,7776,Valid,H4,600,,reclat,reclong
Ekh Khera,7777,Valid,H6,600,,reclat,reclong
El Idrissia,7807,Valid,L6,600,,reclat,reclong
El Paso de Aguila,45977,Valid,H5,600,,reclat,reclong
El Tigre,7819,Valid,L6,600,,reclat,reclong
Elbert,7822,Valid,LL6,600,,reclat,reclong
Elbogen,7823,Valid,"Iron, IID",600,,reclat,reclong
Elenovka,7824,Valid,L5,600,,reclat,reclong
Ellemeet,10019,Valid,Diogenite,600,,reclat,reclong
Emmaville,10033,Valid,Eucrite-mmict,600,,reclat,reclong
Enshi,10038,Valid,H5,600,,reclat,reclong
Ensisheim,10039,Valid,LL6,600,,reclat,reclong
Épinal,10041,Valid,H5,600,,reclat,reclong
Erakot,10042,Valid,CM2,600,,reclat,reclong
Erevan,10043,Valid,Howardite,600,,reclat,reclong
Ergheo,10044,Valid,L5,600,,reclat,reclong
Erxleben,10049,Valid,H6,600,,reclat,reclong
Esnandes,10051,Valid,L6,600,,reclat,reclong
Essebi,10055,Valid,C2-ung,600,,reclat,reclong
Estherville,10059,Valid,Mesosiderite-A3/4,600,,reclat,reclong
Farmington,10074,Valid,L5,600,,reclat,reclong
Farmville,10075,Valid,H4,600,,reclat,reclong
Favars,10078,Valid,H5,600,,reclat,reclong
Fayetteville,10079,Valid,H4,600,,reclat,reclong
Feid Chair,10080,Valid,H4,600,,reclat,reclong
Felix,10081,Valid,CO3.3,600,,reclat,reclong
Fenghsien-Ku,10086,Valid,H5,600,,reclat,reclong
Ferguson,10088,Valid,OC,600,,reclat,reclong
Fermo,10091,Valid,H3-5,600,,reclat,reclong
Fisher,10107,Valid,L6,600,,reclat,reclong
Florence,10111,Valid,H3,600,,reclat,reclong
Forest City,10119,Valid,H5,600,,reclat,reclong
Forest Vale,10120,Valid,H4,600,,reclat,reclong
Forksville,10123,Valid,L6,600,,reclat,reclong
Forsbach,10163,Valid,H6,600,,reclat,reclong
Forsyth,10164,Valid,L6,600,,reclat,reclong
Fort Flatters,10166,Valid,Stone-uncl,600,,reclat,reclong
Frankfort (stone),10177,Valid,Howardite,600,,reclat,reclong
Fuhe,52412,Valid,L5,600,,reclat,reclong
Fukutomi,10836,Valid,L5,600,,reclat,reclong
Fünen,10838,Valid,Stone-uncl,600,,reclat,reclong
Futtehpur,10839,Valid,L6,600,,reclat,reclong
Fuyang,10840,Valid,Stone-uncl,600,,reclat,reclong
Galapian,10846,Valid,H6,600,,reclat,reclong
Galim (a),10848,Valid,LL6,600,,reclat,reclong
Galim (b),10849,Valid,EH3/4-an,600,,reclat,reclong
Galkiv,10850,Valid,H4,600,,reclat,reclong
Gambat,10851,Valid,L6,600,,reclat,reclong
Gao-Guenie,10854,Valid,H5,600,,reclat,reclong
Garhi Yasin,10860,Valid,"Iron, IIE",600,,reclat,reclong
Garland,10861,Valid,Diogenite-pm,600,,reclat,reclong
Gashua,44882,Valid,L6,600,,reclat,reclong
Gasseltepaoua,10866,Valid,H5,600,,reclat,reclong
Geidam,10870,Valid,H5,600,,reclat,reclong
Gifu,10914,Valid,L6,600,,reclat,reclong
Girgenti,10917,Valid,L6,600,,reclat,reclong
Git-Git,10919,Valid,L6,600,,reclat,reclong
Glanerbrug,10923,Valid,L/LL5,600,,reclat,reclong
Glanggang,10924,Valid,H5-6,600,,reclat,reclong
Glasatovo,10926,Valid,H4,600,,reclat,reclong
Glatton,10930,Valid,L6,600,,reclat,reclong
Gnadenfrei,10936,Valid,H5,600,,reclat,reclong
Gopalpur,10948,Valid,H6,600,,reclat,reclong
Gorlovka,10949,Valid,H3.7,600,,reclat,reclong
Granes,10956,Valid,L6,600,,reclat,reclong
Grefsheim,11196,Valid,L5,600,,reclat,reclong
Grimsby,50911,Valid,H5,600,,reclat,reclong
Grosnaja,11206,Valid,CV3,600,,reclat,reclong
Gross-Divina,11207,Valid,H5,600,,reclat,reclong
Grossliebenthal,11208,Valid,L6,600,,reclat,reclong
Grüneberg,11426,Valid,H4,600,,reclat,reclong
Grzempach,11429,Valid,H5,600,,reclat,reclong
Gualeguaychú,11432,Valid,H6,600,,reclat,reclong
Guangmingshan,11435,Valid,H5,600,,reclat,reclong
Guangnan,11436,Valid,L6,600,,reclat,reclong
Guangrao,11437,Valid,L6,600,,reclat,reclong
Guareña,11439,Valid,H6,600,,reclat,reclong
Guêa,11440,Valid,Stone-uncl,600,,reclat,reclong
Guibga,11442,Valid,L5,600,,reclat,reclong
Guidder,11443,Valid,LL5,600,,reclat,reclong
Gujargaon,11448,Valid,H5,600,,reclat,reclong
Gujba,11449,Valid,CBa,600,,reclat,reclong
Gumoschnik,11450,Valid,H5,600,,reclat,reclong
Gurram Konda,11464,Valid,L6,600,,reclat,reclong
Gursum,11465,Valid,H4/5,600,,reclat,reclong
Gütersloh,11466,Valid,H3/4,600,,reclat,reclong
Gyokukei,11467,Valid,OC,600,,reclat,reclong
Hachi-oji,11468,Valid,H?,600,,reclat,reclong
Hainaut,11472,Valid,H3-6,600,,reclat,reclong
Hallingeberg,11479,Valid,L3.4,600,,reclat,reclong
Hamlet,11485,Valid,LL4,600,,reclat,reclong
Haraiya,11824,Valid,Eucrite-mmict,600,,reclat,reclong
Haripura,11829,Valid,CM2,600,,reclat,reclong
Harleton,11830,Valid,L6,600,,reclat,reclong
Harrison County,11842,Valid,L6,600,,reclat,reclong
Hashima,11848,Valid,H4,600,,reclat,reclong
Hassi-Jekna,11852,Valid,"Iron, IAB-sHL",600,,reclat,reclong
Hatford,11855,Valid,Stone-uncl,600,,reclat,reclong
Haverö,11859,Valid,Ureilite,600,,reclat,reclong
Hedeskoga,11869,Valid,H5,600,,reclat,reclong
Hedjaz,11870,Valid,L3.7-6,600,,reclat,reclong
Heredia,11875,Valid,H5,600,,reclat,reclong
Hessle,11878,Valid,H5,600,,reclat,reclong
Higashi-koen,11883,Valid,H5,600,,reclat,reclong
High Possil,11884,Valid,L6,600,,reclat,reclong
Hiroshima,11889,Valid,H5,600,,reclat,reclong
Hoima,44714,Valid,H6,600,,reclat,reclong
Hökmark,11893,Valid,L4,600,,reclat,reclong
Holbrook,11894,Valid,L/LL6,600,,reclat,reclong
Holetta,11895,Valid,Stone-uncl,600,,reclat,reclong
Homestead,11901,Valid,L5,600,,reclat,reclong
Honolulu,11904,Valid,L5,600,,reclat,reclong
Hotse,11913,Valid,L6,600,,reclat,reclong
Hoxie,11915,Valid,OC,600,,reclat,reclong
Hraschina,11916,Valid,"Iron, IID",600,,reclat,reclong
Huaxi,54719,Valid,H5,600,,reclat,reclong
Hungen,11986,Valid,H6,600,,reclat,reclong
Hvittis,11989,Valid,EL6,600,,reclat,reclong
Ibbenbüren,11992,Valid,Diogenite,600,,reclat,reclong
Ibitira,11993,Valid,Eucrite-mmict,600,,reclat,reclong
Ibrisim,11994,Valid,OC,600,,reclat,reclong
Ichkala,11995,Valid,H6,600,,reclat,reclong
Idutywa,12000,Valid,H5,600,,reclat,reclong
Iguaracu,12003,Valid,H5,600,,reclat,reclong
Ijopega,12004,Valid,H6,600,,reclat,reclong
Indarch,12027,Valid,EH4,600,,reclat,reclong
Independence,12028,Valid,L6,600,,reclat,reclong
Inner Mongolia,12037,Valid,L6,600,,reclat,reclong
Innisfree,12039,Valid,L5,600,,reclat,reclong
Ipiranga,12043,Valid,H6,600,,reclat,reclong
Ishinga,12049,Valid,H,600,,reclat,reclong
Isthilart,12053,Valid,H5,600,,reclat,reclong
Itapicuru-Mirim,12056,Valid,H5,600,,reclat,reclong
Itqiy,12058,Valid,EH7-an,600,,reclat,reclong
Ivuna,12063,Valid,CI1,600,,reclat,reclong
Jackalsfontein,12065,Valid,L6,600,,reclat,reclong
Jajh deh Kot Lalu,12067,Valid,EL6,600,,reclat,reclong
Jalanash,12068,Valid,Ureilite,600,,reclat,reclong
Jalandhar,12069,Valid,Iron,600,,reclat,reclong
Jamkheir,12072,Valid,H6,600,,reclat,reclong
Jartai,12074,Valid,L6,600,,reclat,reclong
Jelica,12078,Valid,LL6,600,,reclat,reclong
Jemlapur,12079,Valid,L6,600,,reclat,reclong
Jesenice,51589,Valid,L6,600,,reclat,reclong
Jhung,12085,Valid,L5,600,,reclat,reclong
Jiange,12086,Valid,H5,600,,reclat,reclong
Jianshi,12087,Valid,"Iron, IIIAB",600,,reclat,reclong
Jilin,12171,Valid,H5,600,,reclat,reclong
Jodiya,47362,Valid,L5,600,,reclat,reclong
Jodzie,12173,Valid,Howardite,600,,reclat,reclong
Johnstown,12198,Valid,Diogenite,600,,reclat,reclong
Jolomba,12199,Valid,LL6,600,,reclat,reclong
Jonzac,12202,Valid,Eucrite-mmict,600,,reclat,reclong
Juancheng,12203,Valid,H5,600,,reclat,reclong
Judesegeri,12207,Valid,H6,600,,reclat,reclong
Jumapalo,12209,Valid,L6,600,,reclat,reclong
Junan,12210,Valid,L6,600,,reclat,reclong
Juromenha,12213,Valid,"Iron, IIIAB",600,,reclat,reclong
Juvinas,12214,Valid,Eucrite-mmict,600,,reclat,reclong
Kaba,12218,Valid,CV3,600,,reclat,reclong
Kabo,12220,Valid,H4,600,,reclat,reclong
Kadonah,12221,Valid,H6,600,,reclat,reclong
Kaee,12222,Valid,H5,600,,reclat,reclong
Kagarlyk,12227,Valid,L6,600,,reclat,reclong
Kaidun,12228,Valid,CR2,600,,reclat,reclong
Kainsaz,12229,Valid,CO3.2,600,,reclat,reclong
Kakangari,12230,Valid,K3,600,,reclat,reclong
Kakowa,12231,Valid,L6,600,,reclat,reclong
Kalaba,12232,Valid,H4,600,,reclat,reclong
Kalumbi,12236,Valid,L6,600,,reclat,reclong
Kamalpur,12238,Valid,L6,600,,reclat,reclong
Kamiomi,12240,Valid,H5,600,,reclat,reclong
Kamsagar,12241,Valid,L6,600,,reclat,reclong
Kandahar (Afghanistan),12243,Valid,L6,600,,reclat,reclong
Kangean,12245,Valid,H5,600,,reclat,reclong
Kangra Valley,12246,Valid,H5,600,,reclat,reclong
Kapoeta,12251,Valid,Howardite,600,,reclat,reclong
Kaprada,47357,Valid,L5/6,600,,reclat,reclong
Kaptal-Aryk,12253,Valid,L6,600,,reclat,reclong
Karakol,12256,Valid,LL6,600,,reclat,reclong
Karatu,12258,Valid,LL6,600,,reclat,reclong
Karewar,12260,Valid,L6,600,,reclat,reclong
Karkh,12262,Valid,L6,600,,reclat,reclong
Karloowala,12263,Valid,L6,600,,reclat,reclong
Karoonda,12264,Valid,CK4,600,,reclat,reclong
Kasamatsu,12266,Valid,H,600,,reclat,reclong
Kasauli,30740,Valid,H4,600,,reclat,reclong
Katagum,35465,Valid,L6,600,,reclat,reclong
Kavarpura,47351,Valid,"Iron, IIE-an",600,,reclat,reclong
Kayakent,12268,Valid,"Iron, IIIAB",600,,reclat,reclong
Kediri,12270,Valid,L4,600,,reclat,reclong
Kemer,53654,Valid,L4,600,,reclat,reclong
Kendleton,12275,Valid,L4,600,,reclat,reclong
Kendrapara,12276,Valid,H4-5,600,,reclat,reclong
Kerilis,12282,Valid,H5,600,,reclat,reclong
Kernouve,12284,Valid,H6,600,,reclat,reclong
Kesen,12286,Valid,H4,600,,reclat,reclong
Khairpur,12288,Valid,EL6,600,,reclat,reclong
Khanpur,12289,Valid,LL5,600,,reclat,reclong
Kharkov,12291,Valid,L6,600,,reclat,reclong
Kheragur,12294,Valid,L6,600,,reclat,reclong
Khetri,12296,Valid,H6,600,,reclat,reclong
Khmelevka,12297,Valid,L5,600,,reclat,reclong
Khohar,12298,Valid,L3.6,600,,reclat,reclong
Khor Temiki,12299,Valid,Aubrite,600,,reclat,reclong
Kidairat,12300,Valid,H6,600,,reclat,reclong
Kiel,12301,Valid,L6,600,,reclat,reclong
Kiffa,12303,Valid,H5,600,,reclat,reclong
Kijima (1906),12305,Valid,Stone-uncl,600,,reclat,reclong
Kikino,12306,Valid,H6,600,,reclat,reclong
Kilabo,12307,Valid,LL6,600,,reclat,reclong
Kilbourn,12308,Valid,H5,600,,reclat,reclong
Killeter,12309,Valid,H6,600,,reclat,reclong
Kingai,12316,Valid,H6,600,,reclat,reclong
Kirbyville,12321,Valid,Eucrite-mmict,600,,reclat,reclong
Kisvarsány,12325,Valid,L6,600,,reclat,reclong
Kitchener,12326,Valid,L6,600,,reclat,reclong
Klein-Wenden,12332,Valid,H6,600,,reclat,reclong
Knyahinya,12335,Valid,L/LL5,600,,reclat,reclong
Kobe,12336,Valid,CK4,600,,reclat,reclong
Kokubunji,12342,Valid,L6,600,,reclat,reclong
Komagome,12343,Valid,Iron,600,,reclat,reclong
Konovo,12344,Valid,LL5,600,,reclat,reclong
Košice,53810,Valid,H5,600,,reclat,reclong
Krähenberg,12353,Valid,LL5,600,,reclat,reclong
Krasnoi-Ugol,12355,Valid,L6,600,,reclat,reclong
Krasnyi Klyuch,12357,Valid,H5,600,,reclat,reclong
Krutikha,12363,Valid,OC,600,,reclat,reclong
Krymka,12364,Valid,LL3.2,600,,reclat,reclong
Kukschin,12368,Valid,L6,600,,reclat,reclong
Kulak,12369,Valid,L5,600,,reclat,reclong
Kuleschovka,12370,Valid,L6,600,,reclat,reclong
Kulp,12373,Valid,H6,600,,reclat,reclong
Kunashak,12377,Valid,L6,600,,reclat,reclong
Kunya-Urgench,12379,Valid,H5,600,,reclat,reclong
Kushiike,12381,Valid,OC,600,,reclat,reclong
Kusiali,12382,Valid,L6,600,,reclat,reclong
Kutais,12383,Valid,H5,600,,reclat,reclong
Kuttippuram,12384,Valid,L6,600,,reclat,reclong
Kuznetzovo,12385,Valid,L6,600,,reclat,reclong
Kyushu,12390,Valid,L6,600,,reclat,reclong
La Bécasse,12392,Valid,L6,600,,reclat,reclong
La Charca,12394,Valid,OC,600,,reclat,reclong
La Colina,12395,Valid,H5,600,,reclat,reclong
La Criolla,12396,Valid,L6,600,,reclat,reclong
Laborel,12408,Valid,H5,600,,reclat,reclong
Lahrauli,12433,Valid,Ureilite,600,,reclat,reclong
L'Aigle,12434,Valid,L6,600,,reclat,reclong
Cumulus Hills 04075,32531,Valid,Pallasite,600,,reclat,reclong
Lakangaon,12435,Valid,Eucrite-mmict,600,,reclat,reclong
Lalitpur,12451,Valid,L6,600,,reclat,reclong
Lancé,12455,Valid,CO3.5,600,,reclat,reclong
Lancon,12456,Valid,H6,600,,reclat,reclong
Långhalsen,12461,Valid,L6,600,,reclat,reclong
Lanxi,12464,Valid,L6,600,,reclat,reclong
Lanzenkirchen,12465,Valid,L4,600,,reclat,reclong
Laochenzhen,12466,Valid,H5,600,,reclat,reclong
Launton,12740,Valid,L6,600,,reclat,reclong
Lavrentievka,12743,Valid,L6,600,,reclat,reclong
Le Pressoir,12748,Valid,H5,600,,reclat,reclong
Le Teilleul,12749,Valid,Howardite,600,,reclat,reclong
Leedey,12755,Valid,L6,600,,reclat,reclong
Leeuwfontein,12756,Valid,L6,600,,reclat,reclong
Leighlinbridge,12759,Valid,L6,600,,reclat,reclong
Leighton,12760,Valid,H5,600,,reclat,reclong
Leonovka,12765,Valid,L6,600,,reclat,reclong
Les Ormes,12769,Valid,L6,600,,reclat,reclong
Lesves,12772,Valid,L6,600,,reclat,reclong
Lichtenberg,14646,Valid,H6,600,,reclat,reclong
Lillaverke,14650,Valid,H5,600,,reclat,reclong
Limerick,14652,Valid,H5,600,,reclat,reclong
Linum,14655,Valid,L6,600,,reclat,reclong
Lishui,14659,Valid,L5,600,,reclat,reclong
Lissa,14661,Valid,L6,600,,reclat,reclong
Little Piney,14664,Valid,L5,600,,reclat,reclong
Lixna,14670,Valid,H4,600,,reclat,reclong
Lodran,14675,Valid,Lodranite,600,,reclat,reclong
Lohawat,14678,Valid,Howardite,600,,reclat,reclong
Lorton,52843,Valid,L6,600,,reclat,reclong
Los Martinez,14708,Valid,L6,600,,reclat,reclong
Lost City,14711,Valid,H5,600,,reclat,reclong
Louisville,14716,Valid,L6,600,,reclat,reclong
Łowicz,14718,Valid,Mesosiderite-A3,600,,reclat,reclong
Lua,14721,Valid,L5,600,,reclat,reclong
Lucé,14724,Valid,L6,600,,reclat,reclong
Lumpkin,14753,Valid,L6,600,,reclat,reclong
Lunan,14754,Valid,H6,600,,reclat,reclong
Lundsgård,14755,Valid,L6,600,,reclat,reclong
Luotolax,14756,Valid,Howardite,600,,reclat,reclong
Luponnas,14757,Valid,H3-5,600,,reclat,reclong
Lusaka,14759,Valid,Unknown,600,,reclat,reclong
Mabwe-Khoywa,14764,Valid,L5,600,,reclat,reclong
Macau,15370,Valid,H5,600,,reclat,reclong
Machinga,15371,Valid,L6,600,,reclat,reclong
Macibini,15372,Valid,Eucrite-pmict,600,,reclat,reclong
Madhipura,15379,Valid,L,600,,reclat,reclong
Madiun,15380,Valid,L6,600,,reclat,reclong
Madrid,15382,Valid,L6,600,,reclat,reclong
Mafra,15383,Valid,L3-4,600,,reclat,reclong
Magnesia,15386,Valid,"Iron, IAB-sHL",600,,reclat,reclong
Magombedze,15387,Valid,H3-5,600,,reclat,reclong
Mahadevpur,47361,Valid,H4/5,600,,reclat,reclong
Maigatari-Danduma,30751,Valid,H5/6,600,,reclat,reclong
Malaga,15393,Valid,OC,600,,reclat,reclong
Malakal,15394,Valid,L5,600,,reclat,reclong
Malampaka,15395,Valid,H,600,,reclat,reclong
Malotas,15397,Valid,H5,600,,reclat,reclong
Malvern,15400,Valid,Eucrite-pmict,600,,reclat,reclong
Mamra Springs,15401,Valid,L6,600,,reclat,reclong
Manbhoom,15402,Valid,LL6,600,,reclat,reclong
Manegaon,15403,Valid,Diogenite,600,,reclat,reclong
Mangwendi,15405,Valid,LL6,600,,reclat,reclong
Manych,15409,Valid,LL3.4,600,,reclat,reclong
Mardan,15414,Valid,H5,600,,reclat,reclong
Maria Linden,15418,Valid,L4,600,,reclat,reclong
Mariaville,15419,Valid,Iron,600,,reclat,reclong
Maribo,48973,Valid,CM2,600,,reclat,reclong
Maridi,15421,Valid,H6,600,,reclat,reclong
Marilia,15422,Valid,H4,600,,reclat,reclong
Marion (Iowa),15424,Valid,L6,600,,reclat,reclong
Marjalahti,15426,Valid,"Pallasite, PMG",600,,reclat,reclong
Marmande,15429,Valid,L5,600,,reclat,reclong
Maromandia,15430,Valid,L6,600,,reclat,reclong
Maryville,15436,Valid,L6,600,,reclat,reclong
Mascombes,15438,Valid,L6,600,,reclat,reclong
Mason Gully,53653,Valid,H5,600,,reclat,reclong
Mässing,15443,Valid,Howardite,600,,reclat,reclong
Mauerkirchen,15446,Valid,L6,600,,reclat,reclong
Mauritius,15447,Valid,L6,600,,reclat,reclong
Mayo Belwa,15451,Valid,Aubrite,600,,reclat,reclong
Mazapil,15453,Valid,"Iron, IAB-sLL",600,,reclat,reclong
Maziba,15454,Valid,L6,600,,reclat,reclong
Mbale,15455,Valid,L5/6,600,,reclat,reclong
Medanitos,15467,Valid,Eucrite-cm,600,,reclat,reclong
Meerut,15469,Valid,H5,600,,reclat,reclong
Meester-Cornelis,15470,Valid,H5,600,,reclat,reclong
Menow,15485,Valid,H4,600,,reclat,reclong
Menziswyl,15486,Valid,L5,600,,reclat,reclong
Mern,15489,Valid,L6,600,,reclat,reclong
Meru,15491,Valid,LL6,600,,reclat,reclong
Merua,15492,Valid,H5,600,,reclat,reclong
Messina,15495,Valid,L5,600,,reclat,reclong
Meuselbach,16626,Valid,L6,600,,reclat,reclong
Mezel,16627,Valid,L6,600,,reclat,reclong
Mezö-Madaras,16628,Valid,L3.7,600,,reclat,reclong
Mhow,16629,Valid,L6,600,,reclat,reclong
Mianchi,16631,Valid,H5,600,,reclat,reclong
Middlesbrough,16632,Valid,L6,600,,reclat,reclong
Mifflin,52090,Valid,L5,600,,reclat,reclong
Mighei,16634,Valid,CM2,600,,reclat,reclong
Mihonoseki,16635,Valid,L6,600,,reclat,reclong
Mike,16636,Valid,L6,600,,reclat,reclong
Milena,16640,Valid,L6,600,,reclat,reclong
Millbillillie,16643,Valid,Eucrite-mmict,600,,reclat,reclong
Miller (Arkansas),16645,Valid,H5,600,,reclat,reclong
Minamino,16692,Valid,L,600,,reclat,reclong
Mineo,16696,Valid,Pallasite,600,,reclat,reclong
Min-Fan-Zhun,16697,Valid,LL6,600,,reclat,reclong
Minnichhof,16700,Valid,OC,600,,reclat,reclong
Mirzapur,16701,Valid,L5,600,,reclat,reclong
Misshof,16703,Valid,H5,600,,reclat,reclong
Mjelleim,16707,Valid,H,600,,reclat,reclong
Mocs,16709,Valid,L5-6,600,,reclat,reclong
Modoc (1905),16711,Valid,L6,600,,reclat,reclong
Mokoia,16713,Valid,CV3,600,,reclat,reclong
Molina,16715,Valid,H5,600,,reclat,reclong
Molteno,16717,Valid,Howardite,600,,reclat,reclong
Monahans (1998),16719,Valid,H5,600,,reclat,reclong
Monroe,16720,Valid,H4,600,,reclat,reclong
Monte das Fortes,16725,Valid,L5,600,,reclat,reclong
Monte Milone,16726,Valid,L5,600,,reclat,reclong
Montferré,16727,Valid,H5,600,,reclat,reclong
Montlivault,16729,Valid,L6,600,,reclat,reclong
Monze,16733,Valid,L6,600,,reclat,reclong
Moore County,16736,Valid,Eucrite-cm,600,,reclat,reclong
Mooresfort,16737,Valid,H5,600,,reclat,reclong
Moorleah,16738,Valid,L6,600,,reclat,reclong
Moradabad,16740,Valid,L6,600,,reclat,reclong
Morávka,16742,Valid,H5,600,,reclat,reclong
Mornans,16747,Valid,H5,600,,reclat,reclong
Moss,36592,Valid,CO3.6,600,,reclat,reclong
Moti-ka-nagla,16759,Valid,H6,600,,reclat,reclong
Motta di Conti,16762,Valid,H4,600,,reclat,reclong
Mount Browne,16766,Valid,H6,600,,reclat,reclong
Mount Tazerzait,16804,Valid,L5,600,,reclat,reclong
Mount Vaisi,16805,Valid,Stone-uncl,600,,reclat,reclong
Mtola,16820,Valid,Stone-uncl,600,,reclat,reclong
Muddoor,16841,Valid,L5,600,,reclat,reclong
Mulletiwu,16851,Valid,L,600,,reclat,reclong
Muraid,16874,Valid,L6,600,,reclat,reclong
Murchison,16875,Valid,CM2,600,,reclat,reclong
Murray,16882,Valid,CM2,600,,reclat,reclong
Muzaffarpur,16885,Valid,"Iron, IAB-sHL",600,,reclat,reclong
Myhee Caunta,16887,Valid,OC,600,,reclat,reclong
Nadiabondi,16889,Valid,H5,600,,reclat,reclong
Nagai,16890,Valid,L6,600,,reclat,reclong
Nagaria,16892,Valid,Eucrite-cm,600,,reclat,reclong
Nagy-Borové,16893,Valid,L5,600,,reclat,reclong
Nakhla,16898,Valid,Martian (nakhlite),600,,reclat,reclong
Nakhon Pathom,16899,Valid,L6,600,,reclat,reclong
Nammianthal,16902,Valid,H5,600,,reclat,reclong
Nan Yang Pao,16903,Valid,L6,600,,reclat,reclong
Nanjemoy,16904,Valid,H6,600,,reclat,reclong
Nantong,16907,Valid,H6,600,,reclat,reclong
Naoki,16908,Valid,H6,600,,reclat,reclong
Naragh,16909,Valid,H6,600,,reclat,reclong
Narellan,16912,Valid,L6,600,,reclat,reclong
Narni,16914,Valid,Stone-uncl,600,,reclat,reclong
Nassirah,16922,Valid,H4,600,,reclat,reclong
Natal,16923,Valid,Stone-uncl,600,,reclat,reclong
Nawapali,16927,Valid,CM2,600,,reclat,reclong
Neagari,16934,Valid,L6,600,,reclat,reclong
Nedagolla,16935,Valid,"Iron, ungrouped",600,,reclat,reclong
Nejo,16941,Valid,L6,600,,reclat,reclong
Nerft,16945,Valid,L6,600,,reclat,reclong
Neuschwanstein,16950,Valid,EL6,600,,reclat,reclong
New Concord,16953,Valid,L6,600,,reclat,reclong
New Halfa,16954,Valid,L4,600,,reclat,reclong
New Orleans,16960,Valid,H5,600,,reclat,reclong
Ngawi,16966,Valid,LL3.6,600,,reclat,reclong
N'Goureyma,16968,Valid,"Iron, ungrouped",600,,reclat,reclong
Nicorps,16970,Valid,Stone-uncl,600,,reclat,reclong
Niger (L6),16974,Valid,L6,600,,reclat,reclong
Niger (LL6),16975,Valid,LL6,600,,reclat,reclong
Nikolaevka,16976,Valid,H4,600,,reclat,reclong
Nikolskoe,16977,Valid,L4,600,,reclat,reclong
Ningbo,16980,Valid,"Iron, IVA",600,,reclat,reclong
Ningqiang,16981,Valid,C3-ung,600,,reclat,reclong
Nio,16982,Valid,H3-4,600,,reclat,reclong
N'Kandhla,16983,Valid,"Iron, IID",600,,reclat,reclong
Nobleborough,16984,Valid,Eucrite-pmict,600,,reclat,reclong
Noblesville,16985,Valid,H4-6,600,,reclat,reclong
Nogata,16988,Valid,L6,600,,reclat,reclong
Nogoya,16989,Valid,CM2,600,,reclat,reclong
Norfork,16994,Valid,"Iron, IIIAB",600,,reclat,reclong
Norton County,17922,Valid,Aubrite,600,,reclat,reclong
Noventa Vicentina,17930,Valid,H4,600,,reclat,reclong
Novo-Urei,17933,Valid,Ureilite,600,,reclat,reclong
Novy-Ergi,17934,Valid,Stone-uncl,600,,reclat,reclong
Novy-Projekt,17935,Valid,OC,600,,reclat,reclong
Noyan-Bogdo,17936,Valid,L6,600,,reclat,reclong
Nuevo Mercurio,17938,Valid,H5,600,,reclat,reclong
Nulles,17959,Valid,H6,600,,reclat,reclong
Numakai,17960,Valid,H4,600,,reclat,reclong
Nyaung,17969,Valid,"Iron, IIIAB",600,,reclat,reclong
Nyirábrany,17970,Valid,LL5,600,,reclat,reclong
Ochansk,17979,Valid,H4,600,,reclat,reclong
Oesede,17988,Valid,H5,600,,reclat,reclong
Oesel,17989,Valid,L6,600,,reclat,reclong
Ofehértó,17990,Valid,L6,600,,reclat,reclong
Ogi,17994,Valid,H6,600,,reclat,reclong
Ohaba,17995,Valid,H5,600,,reclat,reclong
Ohuma,17996,Valid,L5,600,,reclat,reclong
Ojuelos Altos,17997,Valid,L6,600,,reclat,reclong
Okabe,17998,Valid,H5,600,,reclat,reclong
Okano,18000,Valid,"Iron, IIAB",600,,reclat,reclong
Okniny,18002,Valid,LL6,600,,reclat,reclong
Oldenburg (1930),18009,Valid,L6,600,,reclat,reclong
Oliva-Gandia,18012,Valid,Stone-uncl,600,,reclat,reclong
Olivenza,18013,Valid,LL5,600,,reclat,reclong
Olmedilla de Alarcón,18015,Valid,H5,600,,reclat,reclong
Omolon,18019,Valid,"Pallasite, PMG",600,,reclat,reclong
Orgueil,18026,Valid,CI1,600,,reclat,reclong
Orlando,34489,Valid,Eucrite,600,,reclat,reclong
Ornans,18030,Valid,CO3.4,600,,reclat,reclong
Ortenau,18033,Valid,Stone-uncl,600,,reclat,reclong
Orvinio,18034,Valid,H6,600,,reclat,reclong
Oterøy,18042,Valid,L6,600,,reclat,reclong
Otomi,18045,Valid,H,600,,reclat,reclong
Ottawa,18046,Valid,LL6,600,,reclat,reclong
Ouadangou,56729,Valid,L5,600,,reclat,reclong
Oued el Hadjar,18050,Valid,LL6,600,,reclat,reclong
Oum Dreyga,31282,Valid,H3-5,600,,reclat,reclong
Ourique,18052,Valid,H4,600,,reclat,reclong
Ovambo,18055,Valid,L6,600,,reclat,reclong
Oviedo,18058,Valid,H5,600,,reclat,reclong
Owrucz,18062,Valid,OC,600,,reclat,reclong
Pacula,18068,Valid,L6,600,,reclat,reclong
Padvarninkai,18069,Valid,Eucrite-mmict,600,,reclat,reclong
Paitan,18072,Valid,H6,600,,reclat,reclong
Palahatchie,18073,Valid,OC,600,,reclat,reclong
Palca de Aparzo,18074,Valid,L5,600,,reclat,reclong
Palinshih,18077,Valid,Iron,600,,reclat,reclong
Palmyra,18079,Valid,L3,600,,reclat,reclong
Palolo Valley,18082,Valid,H5,600,,reclat,reclong
Dominion Range 03239,32591,Valid,L6,600,,reclat,reclong
Pampanga,18093,Valid,L5,600,,reclat,reclong
Pantar,18098,Valid,H5,600,,reclat,reclong
Paragould,18101,Valid,LL5,600,,reclat,reclong
Parambu,18102,Valid,LL5,600,,reclat,reclong
Paranaiba,18103,Valid,L6,600,,reclat,reclong
Park Forest,18106,Valid,L5,600,,reclat,reclong
Parnallee,18108,Valid,LL3.6,600,,reclat,reclong
Parsa,18109,Valid,EH3,600,,reclat,reclong
Pasamonte,18110,Valid,Eucrite-pmict,600,,reclat,reclong
Patora,18112,Valid,H6,600,,reclat,reclong
Patrimonio,18116,Valid,L6,600,,reclat,reclong
Patti,18118,Valid,Iron,600,,reclat,reclong
Patwar,18171,Valid,Mesosiderite-A1,600,,reclat,reclong
Pavel,18173,Valid,H5,600,,reclat,reclong
Pavlodar (stone),18175,Valid,H5,600,,reclat,reclong
Pavlograd,18176,Valid,L6,600,,reclat,reclong
Pavlovka,18177,Valid,Howardite,600,,reclat,reclong
Pê,18179,Valid,L6,600,,reclat,reclong
Peace River,18180,Valid,L6,600,,reclat,reclong
Peckelsheim,18181,Valid,Diogenite-pm,600,,reclat,reclong
Peekskill,18782,Valid,H6,600,,reclat,reclong
Peña Blanca Spring,18786,Valid,Aubrite,600,,reclat,reclong
Peramiho,18792,Valid,Eucrite-mmict,600,,reclat,reclong
Perpeti,18793,Valid,L6,600,,reclat,reclong
Perth,18797,Valid,LL5,600,,reclat,reclong
Pervomaisky,18798,Valid,L6,600,,reclat,reclong
Pesyanoe,18799,Valid,Aubrite,600,,reclat,reclong
Pétèlkolé,18800,Valid,H5,600,,reclat,reclong
Petersburg,18801,Valid,Eucrite-pmict,600,,reclat,reclong
Pettiswood,18804,Valid,Stone-uncl,600,,reclat,reclong
Phillips County (stone),18808,Valid,L6,600,,reclat,reclong
Phu Hong,18809,Valid,H4,600,,reclat,reclong
Phum Sambo,18811,Valid,H4,600,,reclat,reclong
Phuoc-Binh,18812,Valid,L5,600,,reclat,reclong
Piancaldoli,18813,Valid,LL3.4,600,,reclat,reclong
Picote,18816,Valid,Stone-uncl,600,,reclat,reclong
Pillistfer,18822,Valid,EL6,600,,reclat,reclong
Piplia Kalan,18831,Valid,Eucrite-mmict,600,,reclat,reclong
Piquetberg,18832,Valid,H,600,,reclat,reclong
Pirgunje,18834,Valid,L6,600,,reclat,reclong
Pirthalla,18835,Valid,H6,600,,reclat,reclong
Pitts,18837,Valid,"Iron, IAB-ung",600,,reclat,reclong
Plantersville,18846,Valid,H6,600,,reclat,reclong
Pleşcoi,51706,Valid,L5-6,600,,reclat,reclong
Ploschkovitz,18849,Valid,L5,600,,reclat,reclong
Pnompehn,18851,Valid,L6,600,,reclat,reclong
Dominion Range 03240,32592,Valid,LL5,600,,reclat,reclong
Pohlitz,18853,Valid,L5,600,,reclat,reclong
Pokhra,18858,Valid,H5,600,,reclat,reclong
Pollen,18860,Valid,CM2,600,,reclat,reclong
Pontlyfni,18865,Valid,Winonaite,600,,reclat,reclong
Portales Valley,18874,Valid,H6,600,,reclat,reclong
Portugal,18876,Valid,Stone-uncl,600,,reclat,reclong
Po-wang Chen,18879,Valid,LL,600,,reclat,reclong
Prambachkirchen,18883,Valid,L6,600,,reclat,reclong
Pribram,18887,Valid,H5,600,,reclat,reclong
Pricetown,18888,Valid,L6,600,,reclat,reclong
Puerto Lápice,45984,Valid,Eucrite-br,600,,reclat,reclong
Pulsora,18899,Valid,H5,600,,reclat,reclong
Pultusk,18901,Valid,H5,600,,reclat,reclong
Punganaru,18902,Valid,Stone-uncl,600,,reclat,reclong
Putinga,18905,Valid,L6,600,,reclat,reclong
Qidong,18907,Valid,L/LL5,600,,reclat,reclong
Qingzhen,18908,Valid,EH3,600,,reclat,reclong
Queen's Mercy,22357,Valid,H6,600,,reclat,reclong
Quenggouk,22358,Valid,H4,600,,reclat,reclong
Quesa,22360,Valid,"Iron, IAB-ung",600,,reclat,reclong
Quija,22361,Valid,H,600,,reclat,reclong
Quincay,22363,Valid,L6,600,,reclat,reclong
Raco,22368,Valid,H5,600,,reclat,reclong
Raghunathpura,22371,Valid,"Iron, IIAB",600,,reclat,reclong
Rahimyar Khan,31302,Valid,L5,600,,reclat,reclong
Rakovka,22376,Valid,L6,600,,reclat,reclong
Ramnagar,22384,Valid,L6,600,,reclat,reclong
Rampurhat,22385,Valid,LL,600,,reclat,reclong
Ramsdorf,22386,Valid,L6,600,,reclat,reclong
Ranchapur,22387,Valid,H4,600,,reclat,reclong
Rancho de la Presa,22390,Valid,H5,600,,reclat,reclong
Rangala,22392,Valid,L6,600,,reclat,reclong
Raoyang,22394,Valid,L6,600,,reclat,reclong
Ras Tanura,22395,Valid,H6,600,,reclat,reclong
Rasgrad,22396,Valid,Stone-uncl,600,,reclat,reclong
Ratyn,22398,Valid,Stone-uncl,600,,reclat,reclong
Red Canyon Lake,53502,Valid,H5,600,,reclat,reclong
Reliegos,22584,Valid,L5,600,,reclat,reclong
Rembang,22585,Valid,"Iron, IVA",600,,reclat,reclong
Renazzo,22586,Valid,CR2,600,,reclat,reclong
Renca,22587,Valid,L5,600,,reclat,reclong
Renqiu,22589,Valid,L6,600,,reclat,reclong
Repeev Khutor,22590,Valid,"Iron, IIF",600,,reclat,reclong
Revelstoke,22592,Valid,CI1,600,,reclat,reclong
Rewari,22593,Valid,L6,600,,reclat,reclong
Rich Mountain,22597,Valid,L6,600,,reclat,reclong
Uzcudun,24140,Valid,L,600,,reclat,reclong
Richardton,22599,Valid,H5,600,,reclat,reclong
Richland Springs,22602,Valid,OC,600,,reclat,reclong
Richmond,22603,Valid,LL5,600,,reclat,reclong
Rio Negro,22611,Valid,L4,600,,reclat,reclong
Rivolta de Bassi,22614,Valid,Stone-uncl,600,,reclat,reclong
Rochester,22637,Valid,H6,600,,reclat,reclong
Rockhampton,22640,Valid,Stone-uncl,600,,reclat,reclong
Roda,22641,Valid,Diogenite,600,,reclat,reclong
Rodach,22642,Valid,Stone-uncl,600,,reclat,reclong
Rose City,22766,Valid,H5,600,,reclat,reclong
Rowton,22773,Valid,"Iron, IIIAB",600,,reclat,reclong
Ruhobobo,22780,Valid,L6,600,,reclat,reclong
Rumuruti,22782,Valid,R3.8-6,600,,reclat,reclong
Rupota,22783,Valid,L4-6,600,,reclat,reclong
Ryechki,22791,Valid,L5,600,,reclat,reclong
Sabetmahet,22792,Valid,H5,600,,reclat,reclong
Sabrum,22793,Valid,LL6,600,,reclat,reclong
Sagan,22796,Valid,Stone-uncl,600,,reclat,reclong
Saint-Sauveur,23101,Valid,EH5,600,,reclat,reclong
Saint-Séverin,23102,Valid,LL6,600,,reclat,reclong
Sakauchi,23103,Valid,Iron,600,,reclat,reclong
Salem,23107,Valid,L6,600,,reclat,reclong
Salles,23111,Valid,L5,600,,reclat,reclong
Salzwedel,23114,Valid,LL5,600,,reclat,reclong
Samelia,23115,Valid,"Iron, IIIAB",600,,reclat,reclong
San Juan Capistrano,23128,Valid,H6,600,,reclat,reclong
San Michele,31315,Valid,L6,600,,reclat,reclong
San Pedro de Quiles,23130,Valid,L6,600,,reclat,reclong
San Pedro Jacuaro,34063,Valid,LL6,600,,reclat,reclong
Santa Barbara,23161,Valid,L4,600,,reclat,reclong
Santa Cruz,23164,Valid,CM2,600,,reclat,reclong
Santa Isabel,23165,Valid,L6,600,,reclat,reclong
Santa Lucia (2008),50909,Valid,L6,600,,reclat,reclong
São Jose do Rio Preto,23171,Valid,H4,600,,reclat,reclong
Saratov,23176,Valid,L4,600,,reclat,reclong
Sasagase,23187,Valid,H,600,,reclat,reclong
Sauguis,23188,Valid,L6,600,,reclat,reclong
Savtschenskoje,23190,Valid,LL4,600,,reclat,reclong
Sayama,23192,Valid,CM2,600,,reclat,reclong
Sazovice,23455,Valid,L5,600,,reclat,reclong
Schellin,23457,Valid,L,600,,reclat,reclong
Schenectady,23458,Valid,H5,600,,reclat,reclong
Schönenberg,23460,Valid,L6,600,,reclat,reclong
Searsmont,23472,Valid,H5,600,,reclat,reclong
Sediköy,23473,Valid,L6,600,,reclat,reclong
Segowlie,23476,Valid,LL6,600,,reclat,reclong
Selakopi,23481,Valid,H5,600,,reclat,reclong
Seldebourak,23483,Valid,H5,600,,reclat,reclong
Semarkona,23487,Valid,LL3.00,600,,reclat,reclong
Sena,23495,Valid,H4,600,,reclat,reclong
Senboku,23496,Valid,H6,600,,reclat,reclong
Seoni,23500,Valid,H6,600,,reclat,reclong
Seres,23501,Valid,H4,600,,reclat,reclong
Serra de Magé,23502,Valid,Eucrite-cm,600,,reclat,reclong
Sete Lagoas,23504,Valid,H4,600,,reclat,reclong
Sevilla,23508,Valid,LL4,600,,reclat,reclong
Sevrukovo,23509,Valid,L5,600,,reclat,reclong
Sfax,23512,Valid,L6,600,,reclat,reclong
Shalka,23521,Valid,Diogenite,600,,reclat,reclong
Sharps,23525,Valid,H3.4,600,,reclat,reclong
Shelburne,23529,Valid,L5,600,,reclat,reclong
Shergotty,23530,Valid,Martian (shergottite),600,,reclat,reclong
Sheyang,23531,Valid,L6,600,,reclat,reclong
Shikarpur,23534,Valid,L6,600,,reclat,reclong
Shuangyang,23582,Valid,H5,600,,reclat,reclong
Shupiyan,23583,Valid,H6,600,,reclat,reclong
Shytal,23584,Valid,L6,600,,reclat,reclong
Siena,23586,Valid,LL5,600,,reclat,reclong
Sikhote-Alin,23593,Valid,"Iron, IIAB",600,,reclat,reclong
Silao,23594,Valid,H5,600,,reclat,reclong
Silistra,55584,Valid,Achondrite-ung,600,,reclat,reclong
Simmern,23603,Valid,H5,600,,reclat,reclong
Sinai,23606,Valid,L6,600,,reclat,reclong
Sindhri,23611,Valid,H5,600,,reclat,reclong
Sinnai,23613,Valid,H6,600,,reclat,reclong
Sioux County,23614,Valid,Eucrite-mmict,600,,reclat,reclong
Sitathali,23616,Valid,H5,600,,reclat,reclong
Sivas,23617,Valid,H6,600,,reclat,reclong
Sixiangkou,23619,Valid,L5,600,,reclat,reclong
Ski,23621,Valid,L6,600,,reclat,reclong
Slavetic,23626,Valid,H5,600,,reclat,reclong
Slobodka,23645,Valid,L4,600,,reclat,reclong
Soheria,23660,Valid,OC,600,,reclat,reclong
Soko-Banja,23661,Valid,LL4,600,,reclat,reclong
Sologne,23663,Valid,H5,600,,reclat,reclong
Sołtmany,53829,Valid,L6,600,,reclat,reclong
Sone,23667,Valid,H5,600,,reclat,reclong
Songyuan,23668,Valid,L6,600,,reclat,reclong
Sopot,23670,Valid,OC,600,,reclat,reclong
Soroti,23671,Valid,"Iron, ungrouped",600,,reclat,reclong
St. Caprais-de-Quinsac,23081,Valid,L6,600,,reclat,reclong
St. Christophe-la-Chartreuse,23082,Valid,L6,600,,reclat,reclong
St. Denis Westrem,23083,Valid,L6,600,,reclat,reclong
St. Germain-du-Pinel,23087,Valid,H6,600,,reclat,reclong
St. Louis,23089,Valid,H4,600,,reclat,reclong
St. Mark's,23090,Valid,EH5,600,,reclat,reclong
St. Mary's County,23091,Valid,LL3.3,600,,reclat,reclong
St. Mesmin,23092,Valid,LL6,600,,reclat,reclong
St. Michel,23093,Valid,L6,600,,reclat,reclong
St.-Chinian,23097,Valid,L6,600,,reclat,reclong
Ställdalen,23712,Valid,H5,600,,reclat,reclong
Stannern,23713,Valid,Eucrite-mmict,600,,reclat,reclong
Stavropol,23717,Valid,L6,600,,reclat,reclong
Ste. Marguerite,23099,Valid,H4,600,,reclat,reclong
Sterlitamak,23724,Valid,"Iron, IIIAB",600,,reclat,reclong
Stolzenau,23726,Valid,Stone-uncl,600,,reclat,reclong
Stratford,23728,Valid,L6,600,,reclat,reclong
Strathmore,23729,Valid,L6,600,,reclat,reclong
Stretchleigh,23732,Valid,Stone-uncl,600,,reclat,reclong
St-Robert,23733,Valid,H5,600,,reclat,reclong
Success,23736,Valid,L6,600,,reclat,reclong
Suchy Dul,23737,Valid,L6,600,,reclat,reclong
Suizhou,23738,Valid,L6,600,,reclat,reclong
Sulagiri,48951,Valid,LL6,600,,reclat,reclong
Sultanpur,23741,Valid,L/LL6,600,,reclat,reclong
Sungach,23745,Valid,H5,600,,reclat,reclong
Supuhee,23760,Valid,H6,600,,reclat,reclong
Sutter's Mill,55529,Valid,C,600,,reclat,reclong
Sylacauga,23773,Valid,H4,600,,reclat,reclong
Tabor,23776,Valid,H5,600,,reclat,reclong
Tadjera,23778,Valid,L5,600,,reclat,reclong
Tagish Lake,23782,Valid,C2-ung,600,,reclat,reclong
Tahara,23784,Valid,H4/5,600,,reclat,reclong
Takenouchi,23789,Valid,H5,600,,reclat,reclong
Talampaya,23791,Valid,Eucrite-cm,600,,reclat,reclong
Tambakwatu,23795,Valid,L6,600,,reclat,reclong
Tamdakht,48691,Valid,H5,600,,reclat,reclong
Tané,23801,Valid,L5,600,,reclat,reclong
Taonan,23873,Valid,L5,600,,reclat,reclong
Tatahouine,23884,Valid,Diogenite,600,,reclat,reclong
Tathlith,23885,Valid,L6,600,,reclat,reclong
Tauk,23887,Valid,L6,600,,reclat,reclong
Tauti,23888,Valid,L6,600,,reclat,reclong
Tenham,23897,Valid,L6,600,,reclat,reclong
Tennasilm,23898,Valid,L4,600,,reclat,reclong
Thal,23908,Valid,H6,600,,reclat,reclong
Thika,54493,Valid,L6,600,,reclat,reclong
Thuathe,23976,Valid,H4/5,600,,reclat,reclong
Tianzhang,23984,Valid,H5,600,,reclat,reclong
Tieschitz,23989,Valid,H/L3.6,600,,reclat,reclong
Tilden,23998,Valid,L6,600,,reclat,reclong
Tillaberi,23999,Valid,L6,600,,reclat,reclong
Timochin,24004,Valid,H5,600,,reclat,reclong
Tirupati,24009,Valid,H6,600,,reclat,reclong
Tissint,54823,Valid,Martian (shergottite),600,,reclat,reclong
Tjabe,24011,Valid,H6,600,,reclat,reclong
Tjerebon,24012,Valid,L5,600,,reclat,reclong
Tomakovka,24019,Valid,LL6,600,,reclat,reclong
